{
    "PSNR_cond": 38.24803829193115,
    "SSIM_cond": 0.9908380508422852,
    "LPIPS_cond": 0.008676190162077546,
    "PSNR_novel": 20.740111746788024,
    "SSIM_novel": 0.8842835391759873,
    "LPIPS_novel": 0.12103664666227995
}